image_id,source_page,license,author,author_url,title
ad8a7dccd533e84e,https://www.flickr.com/photos/usaghumphreys/16996807614,https://creativecommons.org/licenses/by/2.0/,USAG- Humphreys,https://www.flickr.com/people/usaghumphreys/,"Lego Club - U.S. Army Garrison Humphreys, South Korea - 9 May 2015"
b788e10f91dcc8a5,https://www.flickr.com/photos/amyselleck/8553581530,https://creativecommons.org/licenses/by/2.0/,Amy Selleck,https://www.flickr.com/people/amyselleck/,Jane 5 months
3f86586d23c34a68,https://www.flickr.com/photos/k8tilyn/8688763199,https://creativecommons.org/licenses/by/2.0/,K8tilyn,https://www.flickr.com/people/k8tilyn/,IMG_9132
c6063bc9ed0bdd6c,https://www.flickr.com/photos/jastrow/8961100521,https://creativecommons.org/licenses/by/2.0/,Marie-Lan Nguyen,https://www.flickr.com/people/jastrow/,Championnats de France de fleuret 2013
75af61ac171379a9,https://www.flickr.com/photos/icte-uq/6160172869,https://creativecommons.org/licenses/by/2.0/,ICTE-UQ,https://www.flickr.com/people/icte-uq/,SUP 007
13b9d8ab697d0893,https://www.flickr.com/photos/wackyland/6019416509/,https://creativecommons.org/licenses/by/2.0/,kyle tsui,https://www.flickr.com/people/wackyland/,John Isner at the Legg Mason Tennis Classic
73dee0f201062631,https://www.flickr.com/photos/jamieneely/4973014353,https://creativecommons.org/licenses/by/2.0/,Jamie Neely,https://www.flickr.com/people/jamieneely/,Lisa marries me
226e7cc4f7b6962c,https://www.flickr.com/photos/gcourbis/369659683,https://creativecommons.org/licenses/by/2.0/,Grace,https://www.flickr.com/people/gcourbis/,Ahhhh...my favorite guy!
85198ecae26a4980,https://www.flickr.com/photos/armymedicine/15160354514,https://creativecommons.org/licenses/by/2.0/,Army Medicine,https://www.flickr.com/people/armymedicine/,"ESPN Salutes Warriors, Caregivers at BAMC"
aecc6fdf5a5f66b9,https://www.flickr.com/photos/www_ukberri_net/4477929354,https://creativecommons.org/licenses/by/2.0/,UKBERRI.NET Uribe Kosta eta Erandioko agerkari digitala,https://www.flickr.com/people/www_ukberri_net/,IMG_3697
36f8e72cc0c8a851,https://www.flickr.com/photos/xopher/5271745634,https://creativecommons.org/licenses/by/2.0/,xmith xmith,https://www.flickr.com/people/xopher/,matt & andrew
1f7c30f0c24fda91,https://www.flickr.com/photos/prasad-om/5553631890,https://creativecommons.org/licenses/by/2.0/,Prasad Pillai,https://www.flickr.com/people/prasad-om/,IMG_3163 (1280x853)
53226f049404e36f,https://www.flickr.com/photos/atticasam/6013187687,https://creativecommons.org/licenses/by/2.0/,Chris Southworth,https://www.flickr.com/people/atticasam/,Wild Horses Could Not Drag
eeb75d4f048840dd,https://www.flickr.com/photos/pinkmoose/16786890219,https://creativecommons.org/licenses/by/2.0/,Anthony Easton,https://www.flickr.com/people/pinkmoose/,Calf Roping
4f2022e82438f6e0,https://www.flickr.com/photos/troismarteaux/3782279049,https://creativecommons.org/licenses/by/2.0/,John Patrick Robichaud,https://www.flickr.com/people/troismarteaux/,Grace
232c22ec259d7f56,https://www.flickr.com/photos/tinto/14428729150,https://creativecommons.org/licenses/by/2.0/,Jörg Schubert,https://www.flickr.com/people/tinto/,Dog Dienstag - &quot;Sorry Brazil&quot; edition
d70cf28190aed43a,https://www.flickr.com/photos/jackdorsey/166309254,https://creativecommons.org/licenses/by/2.0/,Jack Dorsey,https://www.flickr.com/people/jackdorsey/,it's kitten pictures from here on out
8e039c46050a4440,https://www.flickr.com/photos/80287074@N05/16412749190,https://creativecommons.org/licenses/by/2.0/,muisstil,https://www.flickr.com/people/80287074@N05/,Max
72f249431922cb46,https://www.flickr.com/photos/60584010@N00/3133677886,https://creativecommons.org/licenses/by/2.0/,leiris202,https://www.flickr.com/people/60584010@N00/,"View of horse-drawn police patrol wagon in front of the station house and city jail at Front & I Streets. Two policemen standing next to the wagon, one in the driver's seat. ~1895"
30b588e4be85cf2b,https://www.flickr.com/photos/diaper/8506936949,https://creativecommons.org/licenses/by/2.0/,diaper,https://www.flickr.com/people/diaper/,Bareback it babe
5467dc4019314117,https://www.flickr.com/photos/49889874@N05/19310311101,https://creativecommons.org/licenses/by/2.0/,marc falardeau,https://www.flickr.com/people/49889874@N05/,"Johnny, my new roommate"
0702c6a98287861b,https://www.flickr.com/photos/knguyenp/2478853646,https://creativecommons.org/licenses/by/2.0/,Kiên Nguyễn Phan,https://www.flickr.com/people/knguyenp/,Singing!
daefb1511511f2a3,https://www.flickr.com/photos/jeremiaspereira/7360257172,https://creativecommons.org/licenses/by/2.0/,Jeremias Pereira,https://www.flickr.com/people/jeremiaspereira/,Bolo da vovó.
d818030c3f473014,https://www.flickr.com/photos/sarahandiain/15491210354,https://creativecommons.org/licenses/by/2.0/,Iain and Sarah,https://www.flickr.com/people/sarahandiain/,Neil's walnut and almond cake
76a57c569cda5528,https://www.flickr.com/photos/mururoa/8301674486,https://creativecommons.org/licenses/by/2.0/,mururoa,https://www.flickr.com/people/mururoa/,pizza
98e6698057654eff,https://www.flickr.com/photos/flavouz/14377538866,https://creativecommons.org/licenses/by/2.0/,Flavio Ensiki,https://www.flickr.com/people/flavouz/,diavola
61794271df1bebf3,https://www.flickr.com/photos/channone/5064384648,https://creativecommons.org/licenses/by/2.0/,Channone Arif,https://www.flickr.com/people/channone/,"Scenes from Venice , Italy."
43c62adb8be490d6,https://www.flickr.com/photos/igorbrasil/15611413239,https://creativecommons.org/licenses/by/2.0/,Igor ™,https://www.flickr.com/people/igorbrasil/,Sábado de sol na praia. #floripa #florianopolis #jurere #beach
a1cc464404c4a5a3,https://www.flickr.com/photos/35314767@N00/4214405513,https://creativecommons.org/licenses/by/2.0/,Mike Hauser,https://www.flickr.com/people/35314767@N00/,IMGP2393
e51e3156ed41b3a8,https://www.flickr.com/photos/adambarhan/7244499778,https://creativecommons.org/licenses/by/2.0/,Adam Barhan,https://www.flickr.com/people/adambarhan/,William Chris Vineyards
ea9126109a2a4d17,https://www.flickr.com/photos/jetalone/3362340037,https://creativecommons.org/licenses/by/2.0/,Hajime NAKANO,https://www.flickr.com/people/jetalone/,花のれん(網走) Hananoren(Abashiri)
eb59e848dbd5e79c,https://www.flickr.com/photos/vialbost/7456722924,https://creativecommons.org/licenses/by/2.0/,Frédérique Voisin-Demery,https://www.flickr.com/people/vialbost/,Tomates mozarella - 2012-06-25
c38f0657a2786496,https://www.flickr.com/photos/40883475@N00/7571748078,https://creativecommons.org/licenses/by/2.0/,Hanumann,https://www.flickr.com/people/40883475@N00/,Dead Turtle
d153a61723d78a86,https://www.flickr.com/photos/kryten/8065279964,https://creativecommons.org/licenses/by/2.0/,Bob Whitehead,https://www.flickr.com/people/kryten/,1Y8A0317
c561a905631aa65c,https://www.flickr.com/photos/brettneilson/195706967,https://creativecommons.org/licenses/by/2.0/,Brett Neilson,https://www.flickr.com/people/brettneilson/,The crew
94cb6dc3b5293417,https://www.flickr.com/photos/ivoyager/3913055299,https://creativecommons.org/licenses/by/2.0/,Ilya Schurov,https://www.flickr.com/people/ivoyager/,20090822-154047
ec08ec2daa0d2de0,https://www.flickr.com/photos/andrijbulba/2542977860,https://creativecommons.org/licenses/by/2.0/,Andrij Bulba,https://www.flickr.com/people/andrijbulba/,e @ st. caterina
097d0f5ab01ca8fe,https://www.flickr.com/photos/darkseid/3125761906,https://creativecommons.org/licenses/by/2.0/,Shane McGraw,https://www.flickr.com/people/darkseid/,iced to the ground
83f4fd35d9309992,https://www.flickr.com/photos/nrek/5702629062,https://creativecommons.org/licenses/by/2.0/,nrek!,https://www.flickr.com/people/nrek/,Tokyo - 5.5.2011
7cd421626837f03c,https://www.flickr.com/photos/flissphil/5334992589,https://creativecommons.org/licenses/by/2.0/,Phillip Capper,https://www.flickr.com/people/flissphil/,"Iguazu Falls, Misiones, Argentina, 7th. Jan. 2011"
